Neighborhood,Source,Liv_Area,Total_bedrooms,Sale_Price,Predicted
StoneBr,Ames,1280,2,191500,277943.3238
Gilbert,Ames,1804,3,189000,199714.8913
StoneBr,Ames,1856,1,394432,308665.5682
NWAmes,Ames,2073,3,210000,208535.6545
BrDale,Ames,1092,3,105500,103820.0016
NPkVill,Ames,836,2,120000,118918.5888
NridgHt,Ames,1752,2,319900,310079.9074
Gilbert,Ames,2035,3,222500,211952.6067
NoRidge,Ames,1720,3,260400,289506.3658
SawyerW,Ames,2110,3,205000,210932.4678
SawyerW,Ames,752,2,125000,139196.956
SawyerW,Ames,1564,3,171000,182006.9586
Sawyer,Ames,1902,4,112000,175844.6417
Sawyer,Ames,1155,3,148000,136478.1521
Sawyer,Ames,1040,3,127000,130385.7829
NoRidge,Ames,2349,4,362500,322621.5548
Somerst,Ames,1200,2,155000,207383.4862
Somerst,Ames,1236,2,152000,209290.6627
Somerst,Ames,1573,3,177500,226936.5318
Somerst,Ames,1848,3,254000,241505.2406
Somerst,Ames,1492,3,230000,222645.3848
NAmes,Ames,1232,3,142250,142139.2272
NWAmes,Ames,1328,3,143000,169067.6977
NAmes,Ames,1728,6,84900,167793.616
NAmes,Ames,1078,2,142125,134188.1716
NAmes,Ames,2461,3,197600,207248.1115
NAmes,Ames,1063,3,128000,133186.0934
NAmes,Ames,1128,2,178000,136837.0278
NAmes,Ames,1888,2,190000,177099.6414
NAmes,Ames,1206,3,108538,140761.822
NAmes,Ames,1337,3,108000,147701.8251
NAmes,Ames,1064,2,135000,133446.4919
NAmes,Ames,1287,3,162000,145052.969
NAmes,Ames,2978,5,242000,234222.4414
NAmes,Ames,1246,3,154000,142880.9069
NAmes,Ames,1116,3,160000,135993.8809
OldTown,Ames,1140,3,96500,107903.8358
OldTown,Ames,1028,2,115000,102177.8194
OldTown,Ames,1316,3,130000,117227.8094
OldTown,Ames,1251,3,119000,113784.2964
OldTown,Ames,1245,3,1.00E+05,113466.4337
BrkSide,Ames,765,2,87000,100287.3255
OldTown,Ames,1812,4,140000,143297.0411
ClearCr,Ames,2403,4,244400,247291.967
SWISU,Ames,1392,3,1.00E+05,124456.2313
SWISU,Ames,919,3,95000,99398.05204
Sawyer,Ames,1020,2,94000,129533.6619
Sawyer,Ames,912,3,125000,123604.7112
Sawyer,Ames,1373,3,160250,148027.1649
ClearCr,Ames,1524,0,260000,201554.7614
Edwards,Ames,835,2,83000,104937.0221
Edwards,Ames,930,2,84900,109969.8488
SawyerW,Ames,1732,3,178000,190907.1153
SawyerW,Ames,1949,3,236000,202403.151
CollgCr,Ames,1694,3,245350,209635.373
ClearCr,Ames,1052,3,155000,175927.2951
CollgCr,Ames,2098,4,240000,230830.7093
Edwards,Ames,960,3,90000,111351.7411
Edwards,Ames,1526,4,144500,141129.3713
SWISU,Ames,2650,6,160000,190479.188
SWISU,Ames,2447,4,169000,180139.6748
Crawfor,Ames,2133,4,257500,226268.207
Crawfor,Ames,1902,3,335000,214237.913
IDOTRR,Ames,1178,2,102776,101625.7005
Crawfor,Ames,1646,2,246000,200883.1909
Mitchel,Ames,1285,3,190000,160844.4802
Timber,Ames,1687,3,160000,245575.6788
Timber,Ames,1214,2,179781,220724.921
Mitchel,Ames,1264,2,169000,159939.3821
Mitchel,Ames,1430,3,173500,168526.1631
Mitchel,Ames,874,3,130000,139070.8826
Mitchel,Ames,833,2,149900,137106.242
Mitchel,Ames,2432,4,159000,221401.8191
Mitchel,Ames,1479,5,161000,170707.1993
NAmes,Ames,882,2,124500,123804.6555
Gilbert,Ames,1382,3,177500,177358.5453
Gilbert,Ames,1718,3,185000,195158.8587
Gilbert,Ames,1593,3,178000,188536.7183
Gilbert,Ames,1167,3,173000,165968.4638
Gilbert,Ames,1983,3,225000,209197.7963
StoneBr,Ames,1530,3,260000,290980.1832
NWAmes,Ames,1602,3,215000,183583.4295
NWAmes,Ames,1671,3,2.00E+05,187238.851
NWAmes,Ames,1370,3,152000,171292.7369
Somerst,Ames,1884,3,240900,243412.4171
NWAmes,Ames,1621,3,213000,184589.9948
NWAmes,Ames,1116,3,167900,157836.5476
NAmes,Ames,864,3,76500,122643.6459
NAmes,Ames,864,3,120500,122643.6459
BrDale,Ames,1302,3,119500,114945.1974
NPkVill,Ames,1322,3,147000,144458.0492
NPkVill,Ames,1456,3,138000,151556.9837
NAmes,Ames,1120,3,148800,136205.7894
NridgHt,Ames,2020,3,402861,324070.355
NridgHt,Ames,1713,3,274900,307806.3782
NridgHt,Ames,2224,4,350000,334670.2667
NridgHt,Ames,1836,3,280000,314322.5643
NridgHt,Ames,2392,3,386250,343777.8448
NridgHt,Ames,2400,4,290000,343994.2404
NridgHt,Ames,2200,3,382500,333606.2372
NridgHt,Ames,1884,2,320000,317072.8877
NridgHt,Ames,1712,3,286500,307753.4011
Gilbert,Ames,1560,3,174000,186788.4732
Blmngtn,Ames,1145,2,160200,180962.9063
Gilbert,Ames,2267,4,2.00E+05,224035.8779
Gilbert,Ames,1374,3,170000,176934.7283
Gilbert,Ames,1419,3,184100,179318.6989
Gilbert,Ames,1594,3,195500,188589.6954
NoRidge,Ames,2794,4,403000,346196.3746
NoRidge,Ames,2063,3,315000,307677.519
NoRidge,Ames,2448,4,402000,327866.29
Somerst,Ames,1702,3,275500,233770.5807
Somerst,Ames,1432,3,245000,219466.7574
Somerst,Ames,1436,3,225000,219678.6659
Somerst,Ames,1402,3,229800,217877.4437
Somerst,Ames,1653,3,209000,231174.7016
SawyerW,Ames,2122,4,220000,211360.7719
SawyerW,Ames,1434,3,189000,175119.9326
Sawyer,Ames,980,3,110000,127207.1555
Sawyer,Ames,980,3,135000,127207.1555
Sawyer,Ames,864,2,122000,121269.2307
Sawyer,Ames,1020,3,124100,129326.2405
Sawyer,Ames,1144,3,131400,135895.4037
NoRidge,Ames,1755,3,235000,291360.5651
Somerst,Ames,1256,1,195000,210557.6266
Veenker,Ames,1694,2,318750,238429.7379
Greens,Ames,1226,1,211500,190859.7117
Sawyer,Ames,1620,3,150000,161112.5144
NWAmes,Ames,1442,2,185000,175314.5112
NAmes,Ames,864,2,130000,122851.0673
NAmes,Ames,1776,4,110000,170751.3608
NAmes,Ames,1516,3,167000,157184.7302
NAmes,Ames,1445,3,158000,153423.3544
NAmes,Ames,1041,3,124500,132020.5967
BrkSide,Ames,708,2,82500,97267.62952
NAmes,Ames,1668,3,140000,165237.2529
NAmes,Ames,1113,3,147000,135834.9495
NAmes,Ames,1584,4,124000,160579.7531
NAmes,Ames,1329,3,176000,147278.0081
NAmes,Ames,1112,2,126000,135989.3938
NAmes,Ames,793,2,113000,119089.6915
NAmes,Ames,1210,2,102900,141181.1519
OldTown,Ames,792,2,109500,89675.21833
OldTown,Ames,1374,2,105000,120507.904
NAmes,Ames,1306,2,153000,146266.9557
NAmes,Ames,1040,2,92900,132175.041
NAmes,Ames,1040,2,90000,132175.041
NAmes,Ames,1041,3,128000,132020.5967
NAmes,Ames,1339,3,139000,147807.7794
NAmes,Ames,1461,4,133500,154063.567
OldTown,Ames,1230,2,110000,112879.1983
OldTown,Ames,2372,4,107500,172964.2301
OldTown,Ames,1389,3,135000,121095.1394
OldTown,Ames,886,2,91300,94655.06791
OldTown,Ames,2007,3,160000,153835.0015
OldTown,Ames,816,2,58500,90946.66929
BrkSide,Ames,1176,2,134900,122060.9232
BrkSide,Ames,1412,4,132500,134148.6814
BrkSide,Ames,1573,3,133000,142885.4196
OldTown,Ames,1826,4,155000,144038.7208
OldTown,Ames,1944,3,179900,150497.4428
IDOTRR,Ames,1930,4,149000,141049.6543
IDOTRR,Ames,1666,3,135000,127271.1152
Edwards,Ames,1152,2,159900,121730.7701
Edwards,Ames,1112,4,63000,119196.8424
Sawyer,Ames,858,2,134900,120951.3679
Sawyer,Ames,1138,3,148000,135577.541
Sawyer,Ames,660,2,63900,110461.8975
Edwards,Ames,1229,3,135000,125602.5872
Edwards,Ames,861,1,82500,106521.8487
Edwards,Ames,1073,2,121500,117545.5774
Edwards,Ames,1049,2,139500,116274.1264
SawyerW,Ames,1775,3,213000,193185.1316
SawyerW,Ames,1879,3,239900,198694.7524
SawyerW,Ames,2016,4,131000,205745.1968
SawyerW,Ames,1535,4,118858,180263.2006
SawyerW,Ames,1229,2,148325,164467.0438
SawyerW,Ames,2787,6,269500,246175.716
CollgCr,Ames,1604,3,220000,204867.4319
CollgCr,Ames,1290,2,2.00E+05,188440.0367
CollgCr,Ames,1040,3,152000,174988.3345
CollgCr,Ames,1097,3,145000,178008.0305
CollgCr,Ames,907,3,140000,167942.3771
CollgCr,Ames,1611,3,250000,205238.2718
CollgCr,Ames,1870,3,211000,218959.3467
CollgCr,Ames,1417,3,210000,194960.7099
CollgCr,Ames,1716,2,191000,211008.2911
CollgCr,Ames,848,1,144000,165231.5697
CollgCr,Ames,1602,3,293200,204761.4777
CollgCr,Ames,1728,3,190000,211436.5952
Edwards,Ames,1486,3,167000,139217.7078
Edwards,Ames,1368,3,120000,132966.4073
Edwards,Ames,1529,4,98000,141288.3027
Edwards,Ames,864,2,99900,106473.3587
Edwards,Ames,944,2,82000,110711.5285
SWISU,Ames,1520,3,159434,131237.3031
SWISU,Ames,438,1,60000,74330.89864
Crawfor,Ames,1913,3,177000,214820.6614
Crawfor,Ames,2080,3,234000,223667.8409
Crawfor,Ames,1112,2,144800,172593.4071
Crawfor,Ames,1982,3,208000,218476.0829
Crawfor,Ames,1680,3,222000,202476.9917
IDOTRR,Ames,1344,3,147000,110212.4815
IDOTRR,Ames,1192,3,78000,102159.9588
IDOTRR,Ames,1526,2,85000,120061.7394
IDOTRR,Ames,572,2,75000,69521.56387
Mitchel,Ames,1710,3,240000,183359.7576
Mitchel,Ames,1734,4,126000,184423.7871
Timber,Ames,1692,3,224500,245840.5645
Timber,Ames,1641,3,316500,243138.7312
Timber,Ames,2014,3,170000,262899.1981
Mitchel,Ames,1404,3,160000,167148.7579
Mitchel,Ames,796,2,131900,135146.0884
Mitchel,Ames,1362,1,143000,165338.5616
Mitchel,Ames,1287,3,130000,160950.4345
Gilbert,Ames,1604,3,187500,189119.4666
Gilbert,Ames,1470,3,165000,182020.5321
Gilbert,Ames,1658,3,188000,191980.2313
StoneBr,Ames,1337,2,188500,280963.0198
StoneBr,Ames,2500,5,355000,341953.1498
StoneBr,Ames,1884,2,387000,309941.5062
StoneBr,Ames,1710,2,334000,300723.4868
NWAmes,Ames,2064,3,235000,208058.8604
NWAmes,Ames,1964,4,205000,202553.7266
BrDale,Ames,987,2,103400,98464.82507
BrDale,Ames,987,2,106000,98464.82507
BrDale,Ames,1302,3,111750,114945.1974
NPkVill,Ames,1456,4,143000,151349.5623
NPkVill,Ames,1055,2,148500,130520.5788
NridgHt,Ames,2084,2,385000,327668.3123
NridgHt,Ames,2713,3,446261,360783.5013
NridgHt,Ames,2088,4,250000,327465.3779
NridgHt,Ames,2332,4,316000,340391.796
NridgHt,Ames,2668,3,412500,358399.5308
NridgHt,Ames,1575,2,284000,300702.9566
NridgHt,Ames,2649,4,421250,357185.544
NridgHt,Ames,1518,1,274000,297890.682
NridgHt,Ames,1342,2,234250,288359.2869
Blmngtn,Ames,1246,2,187687,186313.5957
Gilbert,Ames,1593,3,193000,188536.7183
Gilbert,Ames,1166,2,190000,166122.9081
Gilbert,Ames,2322,4,225000,226949.6196
NoRidge,Ames,2197,4,287500,314569.0321
NoRidge,Ames,2127,3,271000,311068.0549
Somerst,Ames,1874,3,297900,242882.6458
Somerst,Ames,1372,3,250580,216288.13
SawyerW,Ames,1663,3,192500,187251.6938
SawyerW,Ames,1175,3,146000,161398.8577
SawyerW,Ames,1114,3,159000,158167.2532
SawyerW,Ames,1162,3,170000,160710.1551
SawyerW,Ames,1679,3,193500,188099.3278
SawyerW,Ames,1199,2,153900,162877.7301
Sawyer,Ames,984,3,128000,127419.064
Sawyer,Ames,912,2,144000,123812.1326
Sawyer,Ames,890,3,115000,122439.2145
Sawyer,Ames,1641,4,140000,162017.6125
Somerst,Ames,1419,2,290000,218985.4762
Somerst,Ames,1709,2,328900,234348.8419
Veenker,Ames,1719,1,324000,239961.5874
Veenker,Ames,1232,3,162500,213746.8856
NWAmes,Ames,1258,3,145000,165359.2991
NAmes,Ames,912,2,147000,125393.9692
NAmes,Ames,925,3,135000,125875.2504
NAmes,Ames,1728,6,145000,167793.616
NAmes,Ames,1728,6,142600,167793.616
NWAmes,Ames,1656,4,135000,186236.7727
NAmes,Ames,1165,3,174900,138589.7599
NAmes,Ames,1350,3,168500,148390.5277
NAmes,Ames,1362,3,163000,149026.2532
NAmes,Ames,1431,3,165000,152681.6747
NAmes,Ames,1988,4,227000,181982.5109
NAmes,Ames,1261,3,163000,143675.5638
NAmes,Ames,1570,3,166800,160045.4948
NAmes,Ames,1152,3,137500,137901.0573
NAmes,Ames,1790,3,180000,171700.4619
NAmes,Ames,952,2,139000,127513.0541
NAmes,Ames,773,2,110000,118030.1491
OldTown,Ames,1159,3,114000,108910.4011
OldTown,Ames,672,2,86900,83317.96356
OldTown,Ames,1436,3,139000,123585.0642
NAmes,Ames,1716,4,171000,167572.7334
NAmes,Ames,910,3,116000,125080.5935
NAmes,Ames,1256,3,159000,143410.6781
NAmes,Ames,1027,3,125900,131278.9169
NAmes,Ames,1269,3,155000,144099.3807
NAmes,Ames,825,2,109500,120784.9595
OldTown,Ames,1133,3,143000,107532.9959
OldTown,Ames,1594,3,118000,131955.4497
OldTown,Ames,1740,2,122250,139897.5311
OldTown,Ames,1436,3,155000,123585.0642
OldTown,Ames,901,2,107900,95449.72476
OldTown,Ames,3493,3,295000,232559.0065
OldTown,Ames,1344,4,98000,118503.7475
OldTown,Ames,1017,2,114000,101595.071
OldTown,Ames,1484,3,128000,126127.9661
OldTown,Ames,1093,2,115500,105621.3324
BrkSide,Ames,1672,3,164900,148130.1548
IDOTRR,Ames,1969,4,141000,143115.7621
IDOTRR,Ames,1236,3,127000,104490.9522
OldTown,Ames,825,2,125000,91423.4634
ClearCr,Ames,1588,4,134432,204115.6117
Sawyer,Ames,1126,2,152000,135149.2369
Sawyer,Ames,1228,3,149350,140345.4821
ClearCr,Ames,1721,3,145000,211368.9905
Edwards,Ames,1518,2,260000,141120.3972
Edwards,Ames,1367,4,119000,132706.0088
Edwards,Ames,1096,2,79000,118764.0512
SawyerW,Ames,2200,4,225000,215492.9875
CollgCr,Ames,2276,3,475000,240468.0587
CollgCr,Ames,1766,3,395039,213449.7259
SawyerW,Ames,2097,3,228000,210243.7652
ClearCr,Ames,1643,2,195000,207444.1963
CollgCr,Ames,1099,3,144000,178113.9847
CollgCr,Ames,1792,3,231500,214827.1311
CollgCr,Ames,1786,3,223500,214509.2683
CollgCr,Ames,2161,3,230500,234375.6895
CollgCr,Ames,1852,3,230000,218005.7585
CollgCr,Ames,1786,3,3.00E+05,214509.2683
CollgCr,Ames,848,1,136500,165231.5697
CollgCr,Ames,1445,3,186500,196444.0693
CollgCr,Ames,1582,3,185900,203701.9352
CollgCr,Ames,1234,3,179900,185265.8964
CollgCr,Ames,848,1,149000,165231.5697
CollgCr,Ames,848,1,144500,165231.5697
Edwards,Ames,796,2,85000,102870.9143
Edwards,Ames,1256,3,147500,127032.9695
Edwards,Ames,1181,3,137500,123059.6853
Edwards,Ames,1137,4,96000,120521.2704
Edwards,Ames,864,2,67000,106473.3587
SWISU,Ames,2601,4,189000,188298.1518
Crawfor,Ames,1502,3,149000,193047.0638
Crawfor,Ames,1660,3,188700,201417.4492
Crawfor,Ames,1873,4,257076,212494.155
Crawfor,Ames,1954,3,311500,216992.7234
Blueste,Ames,1556,3,151000,165840.7448
IDOTRR,Ames,919,2,126000,87904.6256
IDOTRR,Ames,1200,4,119000,102376.3544
IDOTRR,Ames,733,2,13100,78050.8807
IDOTRR,Ames,1317,3,40000,108782.0992
IDOTRR,Ames,1049,2,80900,94791.65161
Mitchel,Ames,2032,3,3.00E+05,200418.3912
Timber,Ames,1256,3,180000,222742.5388
Timber,Ames,1509,3,175000,236145.7509
Timber,Ames,1728,3,298751,247747.7409
Timber,Ames,1964,3,370000,260250.342
Mitchel,Ames,1344,2,206300,164177.5519
MeadowV,Ames,1475,4,129500,117072.155
MeadowV,Ames,1092,3,98000,96989.33823
MeadowV,Ames,630,1,81000,72928.75017
Mitchel,Ames,988,2,113000,145317.6961
Gilbert,Ames,1733,3,225000,195953.5155
Gilbert,Ames,1470,3,177000,182020.5321
Gilbert,Ames,1384,3,161500,177464.4995
StoneBr,Ames,1652,2,251000,297650.8136
Gilbert,Ames,1187,3,160000,167028.0063
StoneBr,Ames,2338,4,591587,333578.2773
StoneBr,Ames,1419,2,392000,285307.1439
NWAmes,Ames,2030,4,195000,206050.2168
NWAmes,Ames,1725,3,197000,190099.6156
NAmes,Ames,1422,3,155000,152204.8806
BrDale,Ames,1218,3,113000,110495.1191
BrDale,Ames,1218,4,113700,110287.6977
NridgHt,Ames,1734,3,318000,308918.8978
NridgHt,Ames,2656,3,492000,357763.8053
NridgHt,Ames,1973,3,395000,321580.4302
NridgHt,Ames,1802,3,372000,312521.3421
NridgHt,Ames,2468,4,354000,347596.6847
NridgHt,Ames,1577,2,280000,300808.9109
NridgHt,Ames,1561,2,277500,299961.2769
NridgHt,Ames,1869,2,318061,316278.2308
Gilbert,Ames,1746,3,198444,196642.2181
Gilbert,Ames,1326,3,203000,174391.8264
Gilbert,Ames,1530,3,259000,185199.1595
Gilbert,Ames,1525,3,206580,184934.2739
NoRidge,Ames,2633,2,466500,338081.9006
NoRidge,Ames,2398,3,315750,325424.8553
NoRidge,Ames,2531,4,290000,332263.3912
Somerst,Ames,1464,3,282922,221162.0253
Somerst,Ames,1689,3,248328,233081.878
Somerst,Ames,1496,3,225000,222857.2933
Somerst,Ames,1792,3,255000,238538.5217
Somerst,Ames,1588,3,212109,227731.1886
Somerst,Ames,1656,3,249700,231333.633
SawyerW,Ames,1100,3,146000,157425.5734
SawyerW,Ames,1820,3,191750,195569.1021
Sawyer,Ames,894,2,120750,122858.5444
Sawyer,Ames,1037,2,129000,130434.273
Somerst,Ames,1378,2,214000,216813.4142
Somerst,Ames,1241,1,199900,209762.9697
Somerst,Ames,1458,2,176000,221051.584
Somerst,Ames,1950,3,239000,246908.9072
Somerst,Ames,2362,3,312500,268735.4819
Veenker,Ames,1262,3,181500,215336.1993
Somerst,Ames,1929,3,226000,245796.3876
NWAmes,Ames,2411,4,240050,226234.5007
NWAmes,Ames,1295,3,164000,167319.4527
NWAmes,Ames,1594,2,188500,183367.0339
NWAmes,Ames,1680,4,136905,187508.2237
NWAmes,Ames,1093,3,158500,156618.0738
NWAmes,Ames,1052,3,127000,154446.0118
NAmes,Ames,1074,2,124000,133976.2631
NAmes,Ames,964,3,137500,127941.3582
NAmes,Ames,1042,3,161000,132073.5738
NAmes,Ames,932,2,124000,126453.5117
NAmes,Ames,1254,3,158500,143304.7239
NAmes,Ames,936,2,141000,126665.4202
NAmes,Ames,1721,4,174850,167837.619
NAmes,Ames,1657,3,163500,164654.5045
NAmes,Ames,925,3,127000,125875.2504
NAmes,Ames,1360,3,130000,148920.299
NAmes,Ames,925,3,116900,125875.2504
OldTown,Ames,924,2,112500,96668.19859
NAmes,Ames,1728,3,156000,168415.8803
NAmes,Ames,952,3,128500,127305.6327
NAmes,Ames,1082,2,119200,134400.0801
NAmes,Ames,988,3,119000,129212.8091
NAmes,Ames,1851,3,187000,174932.0664
OldTown,Ames,1432,2,132000,123580.5772
OldTown,Ames,1022,2,89500,101859.9567
OldTown,Ames,1798,4,137000,142555.3614
OldTown,Ames,866,2,110500,93595.52545
IDOTRR,Ames,1952,4,212300,142215.151
IDOTRR,Ames,1315,3,99500,108676.145
Sawyer,Ames,1452,2,158450,152419.7791
Sawyer,Ames,948,3,108000,125511.8876
Sawyer,Ames,894,3,129000,122651.1229
Sawyer,Ames,912,3,129000,123604.7112
Edwards,Ames,605,2,86000,92752.28376
Edwards,Ames,1038,2,130000,115691.3781
Edwards,Ames,1342,4,125000,131381.5807
Edwards,Ames,1340,3,120000,131483.0479
SawyerW,Ames,1822,4,228500,195467.6349
CollgCr,Ames,2696,4,383970,262511.029
CollgCr,Ames,2140,3,360000,233263.1699
CollgCr,Ames,2574,3,276000,256255.2414
SawyerW,Ames,1873,3,207000,198376.8896
CollgCr,Ames,990,3,126000,172339.4783
CollgCr,Ames,1200,3,177500,183464.6742
CollgCr,Ames,1308,3,175000,189186.2035
CollgCr,Ames,1097,3,147900,178008.0305
CollgCr,Ames,1873,3,235500,219118.2781
CollgCr,Ames,1459,3,192000,197185.7491
CollgCr,Ames,2452,4,267000,249584.6109
CollgCr,Ames,1668,3,285000,208257.9678
CollgCr,Ames,848,1,131500,165231.5697
CollgCr,Ames,1797,3,213500,215092.0167
CollgCr,Ames,1422,3,179600,195225.5955
CollgCr,Ames,1190,2,173500,183142.3244
Edwards,Ames,1088,2,110000,118340.2342
Edwards,Ames,960,3,94750,111351.7411
Edwards,Ames,1044,3,133500,115801.8194
Edwards,Ames,1113,3,148000,119457.2409
Edwards,Ames,2233,5,141000,178376.776
Edwards,Ames,1090,2,157000,118446.1885
Edwards,Ames,960,2,131750,111559.1625
Edwards,Ames,948,3,111000,110716.0156
Edwards,Ames,864,3,79275,106265.9372
SWISU,Ames,3395,8,2.00E+05,229532.3019
Crawfor,Ames,1098,2,148500,171851.7274
Crawfor,Ames,1436,3,141500,189550.5736
Crawfor,Ames,2259,3,217000,233150.746
Crawfor,Ames,1560,3,201000,196119.7369
Crawfor,Ames,1680,4,170000,202269.5703
Crawfor,Ames,1696,3,198000,203324.6256
IDOTRR,Ames,1123,3,1.00E+05,98504.53731
IDOTRR,Ames,816,2,75200,82447.98192
IDOTRR,Ames,1558,4,152000,121342.1645
IDOTRR,Ames,1073,3,140000,95855.68115
Crawfor,Ames,1625,2,375000,199770.6713
Mitchel,Ames,1299,2,183500,161793.5814
Timber,Ames,1756,3,204000,249231.1003
Timber,Ames,1146,3,187500,216915.0552
MeadowV,Ames,1092,3,85500,96989.33823
Mitchel,Ames,1356,3,188000,164605.856
Mitchel,Ames,1432,3,157000,168632.1174
Mitchel,Ames,974,3,93500,144368.5949
Mitchel,Ames,887,3,124500,139759.5852
Gilbert,Ames,1525,3,183500,184934.2739
Gilbert,Ames,1498,3,187500,183503.8916
Gilbert,Ames,1776,3,202000,198231.5318
Gilbert,Ames,1511,3,185000,184192.5942
Gilbert,Ames,1632,3,176500,190602.8261
StoneBr,Ames,1742,2,275000,302418.7547
StoneBr,Ames,2868,4,556581,361656.1525
StoneBr,Ames,2945,3,438780,365942.8124
NWAmes,Ames,2183,4,229000,214155.7166
NWAmes,Ames,1872,3,241500,197887.2527
NWAmes,Ames,1686,3,207500,188033.5078
Somerst,Ames,2318,3,294323,266404.4885
NAmes,Ames,1419,2,190000,152253.3706
BrDale,Ames,948,2,89000,96398.71726
NPkVill,Ames,1055,2,137500,130520.5788
NridgHt,Ames,2596,4,342643,354377.7565
NridgHt,Ames,1740,4,293000,309029.3391
NridgHt,Ames,1850,3,326000,315064.2441
NridgHt,Ames,2324,4,345000,339967.979
NridgHt,Ames,2253,3,344133,336414.0247
NridgHt,Ames,1792,2,372397,312198.9923
NridgHt,Ames,1368,2,202665,289736.6921
Gilbert,Ames,1492,3,169985,183186.0288
Gilbert,Ames,1496,3,179665,183397.9373
Gilbert,Ames,1863,4,219210,202633.1201
Blmngtn,Ames,1456,2,215000,197438.7916
Blmngtn,Ames,1248,2,167240,186419.55
Blmngtn,Ames,1506,2,213490,200087.6477
Blmngtn,Ames,1567,1,264561,203526.6737
Gilbert,Ames,1838,4,192140,201308.692
Gilbert,Ames,1936,3,230500,206707.8715
NoRidge,Ames,1924,3,280000,300313.6989
SawyerW,Ames,1400,3,186800,173318.7104
SawyerW,Ames,1398,2,172000,173420.1776
SawyerW,Ames,1217,2,151000,163831.3183
Sawyer,Ames,988,3,129500,127630.9725
Sawyer,Ames,1728,6,125000,166211.7794
Sawyer,Ames,909,3,116000,123445.7798
Sawyer,Ames,912,3,124000,123604.7112
Sawyer,Ames,1236,3,135000,140769.2991
NoRidge,Ames,2826,3,334000,348099.064
NoRidge,Ames,1624,2,262000,284627.9834
Somerst,Ames,1080,2,139000,201026.2315
Greens,Ames,1235,1,214000,191336.5058
Greens,Ames,1036,1,188000,180794.0583
NWAmes,Ames,1416,3,179900,173729.6846
NWAmes,Ames,2654,4,250000,239107.9416
NAmes,Ames,1770,4,155000,170433.498
NAmes,Ames,864,3,129900,122643.6459
NAmes,Ames,1095,2,140000,135088.7827
NAmes,Ames,1248,3,151500,142986.8612
NAmes,Ames,1008,2,137000,130479.773
BrkSide,Ames,1230,3,121600,124714.2664
BrkSide,Ames,869,2,85500,105796.9463
NAmes,Ames,2157,4,226000,190935.6447
NAmes,Ames,1144,3,143000,137477.2404
NAmes,Ames,1336,3,162000,147648.848
NAmes,Ames,1236,2,134450,142558.5571
NAmes,Ames,1375,2,140000,149922.3772
NAmes,Ames,1056,3,125000,132815.2535
OldTown,Ames,1595,3,155500,132008.4268
OldTown,Ames,2414,3,160000,175396.6907
NAmes,Ames,1040,3,133700,131967.6195
NAmes,Ames,1556,4,119000,159096.3937
OldTown,Ames,2014,5,169000,153790.9986
OldTown,Ames,1118,2,116000,106945.7605
OldTown,Ames,1774,4,87000,141283.9104
OldTown,Ames,1368,3,114504,119982.6199
OldTown,Ames,1200,4,125000,110875.0417
BrkSide,Ames,1664,3,159000,147706.3378
OldTown,Ames,1118,3,119900,106738.3391
BrkSide,Ames,1344,3,115000,130753.6584
BrkSide,Ames,816,2,109000,102989.1588
OldTown,Ames,1635,2,117000,134334.9332
IDOTRR,Ames,1430,3,107000,114768.5141
IDOTRR,Ames,1360,2,125500,111267.5369
IDOTRR,Ames,1077,3,91000,96067.58964
Sawyer,Ames,1640,3,131000,162172.0568
ClearCr,Ames,1352,3,130000,191820.432
Sawyer,Ames,1059,3,142500,131392.3483
Edwards,Ames,2201,4,274970,176888.9295
CollgCr,Ames,1498,2,204900,199459.2783
CollgCr,Ames,914,2,148000,168520.6384
CollgCr,Ames,990,3,156000,172339.4783
CollgCr,Ames,1776,3,192500,213979.4971
CollgCr,Ames,971,3,128500,171332.913
CollgCr,Ames,1989,3,255000,225263.6243
CollgCr,Ames,1762,3,222000,213237.8174
CollgCr,Ames,1787,3,275000,214562.2455
CollgCr,Ames,1939,3,227000,222614.7682
CollgCr,Ames,1336,3,198000,190669.5629
Edwards,Ames,1072,2,142500,117492.6003
Edwards,Ames,1709,3,137500,151031.6063
Edwards,Ames,1338,3,92000,131377.0936
Edwards,Ames,1482,3,125000,139005.7993
Edwards,Ames,498,1,35000,87291.153
SWISU,Ames,1551,3,137000,132879.5939
SWISU,Ames,1522,4,102000,131135.8359
SWISU,Ames,1465,3,131000,128323.5613
Crawfor,Ames,2057,3,250000,222449.3671
Crawfor,Ames,1336,2,157000,184460.2827
IDOTRR,Ames,951,2,106500,89599.89354
Mitchel,Ames,1664,4,145000,180715.3885
Timber,Ames,2519,4,335000,289445.2239
Timber,Ames,2028,2,369900,263848.2993
MeadowV,Ames,630,1,73000,72928.75017
Mitchel,Ames,1360,3,140000,164817.7645
MeadowV,Ames,1092,3,87550,96989.33823
Mitchel,Ames,1728,4,150900,184105.9244
Sacramento,California,669,3,299200,153891.5895
Bakersfield,California,902,2,261100,174581.7487
Santa Ana,California,150,3,159200,139416.3817
Oakland,California,432,4,158700,168435.4539
Oakland,California,432,3,105500,168642.8754
Santa Ana,California,446,4,108900,154890.1887
San Jose,California,146,2,97200,139245.9776
Santa Ana,California,512,2,188800,158801.5217
Santa Ana,California,899,2,142500,179303.6683
Long Beach,California,163,5,171900,142957.3279
San Jose,California,653,5,83100,165483.1148
Fresno,California,1238,2,75700,196157.4765
Santa Ana,California,798,2,84400,173952.9789
Oakland,California,155,4,85000,153760.7908
San Francisco,California,1042,4,75000,199546.4748
Oakland,California,553,2,67500,175260.5287
Fresno,California,581,5,131300,160729.2423
Bakersfield,California,90,4,118800,131149.4818
Sacramento,California,347,5,137500,136418.113
Oakland,California,600,2,183800,177750.4535
Bakersfield,California,739,4,193100,165531.6347
Oakland,California,151,5,273400,153341.4609
San Jose,California,142,5,335700,138411.8049
Sacramento,California,740,4,275700,157445.5438
San Francisco,California,497,5,225000,170466.5213
Long Beach,California,443,4,327600,157998.3438
Long Beach,California,576,4,389500,165044.3012
Long Beach,California,539,3,295200,163291.5691
Sacramento,California,156,2,411500,126921.7467
Los Angeles,California,113,3,335200,133700.9537
Santa Ana,California,189,3,365900,141482.4895
Sacramento,California,121,3,273700,124860.126
Oakland,California,106,2,348700,151579.7546
San Jose,California,462,3,218800,155779.3271
Sacramento,California,163,3,122800,127085.1651
Bakersfield,California,136,4,105500,133586.4295
Bakersfield,California,142,5,96400,133696.8708
San Jose,California,107,3,80800,136972.4484
Los Angeles,California,801,5,122700,169734.3716
Sacramento,California,612,5,109500,150457.0506
Fresno,California,560,5,136700,159616.7227
Santa Ana,California,102,5,141700,136458.6369
Long Beach,California,916,3,150000,183263.9445
Oakland,California,589,2,138800,177167.7051
Santa Ana,California,104,3,139200,136979.434
Fresno,California,696,4,143800,167029.0329
Fresno,California,139,2,257300,137935.6181
Long Beach,California,1130,3,246900,194601.0489
San Diego,California,503,3,137000,160730.1033
San Francisco,California,403,2,119100,166108.936
Sacramento,California,447,3,121600,142130.6681
Santa Ana,California,610,4,160000,163578.4369
San Francisco,California,85,2,156500,149262.2108
San Diego,California,834,2,225000,178472.9525
Fresno,California,495,2,174200,156795.474
Santa Ana,California,331,2,253000,149212.6624
Bakersfield,California,549,5,136700,155258.5599
Sacramento,California,285,5,144000,133133.5313
Long Beach,California,816,2,176000,178173.6536
Oakland,California,213,2,145800,157248.3068
San Francisco,California,376,2,97300,164678.5537
San Diego,California,958,4,1.00E+05,184627.273
Bakersfield,California,109,2,84700,132570.89
Long Beach,California,371,2,76400,154598.8338
Sacramento,California,109,2,97200,124431.8219
Fresno,California,396,2,86500,151550.7388
San Jose,California,902,2,80700,179296.6827
Santa Ana,California,717,3,82000,169454.4105
San Francisco,California,1142,4,82100,204844.1872
Long Beach,California,841,2,88800,179498.0817
Long Beach,California,739,2,95500,174094.4151
Bakersfield,California,545,5,164300,155046.6514
Santa Ana,California,992,2,195500,184230.5408
San Jose,California,682,2,248900,167641.7157
San Jose,California,534,3,111100,159593.68
San Francisco,California,685,3,129500,180841.0633
Oakland,California,188,3,98200,155716.4573
Santa Ana,California,625,5,276800,164165.6723
San Jose,California,181,5,270900,140477.9127
San Jose,California,372,5,224200,150596.5432
Oakland,California,288,4,216700,160806.7482
Long Beach,California,86,5,270600,138878.0895
Bakersfield,California,432,3,261400,149475.0794
San Jose,California,329,3,417500,148733.3698
Sacramento,California,441,3,290100,141812.8054
Oakland,California,112,4,342200,151482.7745
San Francisco,California,551,2,415300,173949.5502
San Diego,California,160,4,284900,142351.5287
San Francisco,California,891,2,187500,191961.7721
Los Angeles,California,872,3,140600,173910.5902
San Diego,California,153,4,144800,141980.6888
Bakersfield,California,741,3,245500,165845.0104
Long Beach,California,150,3,182600,142683.4682
San Jose,California,240,5,212000,143603.563
Oakland,California,703,3,216700,182999.6757
Long Beach,California,745,3,196400,174204.8565
Sacramento,California,495,5,191700,144258.7272
Los Angeles,California,523,4,165900,155214.1528
Santa Ana,California,159,4,157700,139685.7544
Long Beach,California,745,3,153100,174204.8565
Los Angeles,California,447,3,250000,151395.3129
Bakersfield,California,205,5,253600,137034.4296
San Francisco,California,477,5,500001,169406.9788
Long Beach,California,237,3,500001,147292.4779
Santa Ana,California,158,2,500001,140047.6201
Oakland,California,131,3,398600,152696.7613
Long Beach,California,724,4,333000,172884.9154
Fresno,California,977,5,206300,181708.1831
San Jose,California,184,2,210200,141259.1083
Sacramento,California,386,3,292700,138899.0636
Fresno,California,111,2,102200,136452.2587
San Jose,California,557,4,220800,160604.7324
Sacramento,California,371,4,242800,137896.9853
San Francisco,California,1061,5,219000,200345.6188
Los Angeles,California,615,5,282100,159880.6267
Oakland,California,143,4,372000,153125.0654
Oakland,California,406,5,220800,166850.6273
Long Beach,California,98,5,234000,139513.8149
San Diego,California,86,5,273800,138223.8002
Sacramento,California,510,3,248500,145468.2269
Oakland,California,114,4,240900,151588.7288
Long Beach,California,878,5,286600,180835.971
Sacramento,California,126,2,206200,125332.433
Santa Ana,California,504,4,231000,157962.8619
Santa Ana,California,608,3,209200,163679.9041
Bakersfield,California,840,5,241800,170674.9028
San Francisco,California,86,5,263900,148692.9237
Bakersfield,California,308,3,220900,142905.9161
San Jose,California,432,5,223200,153775.1706
Fresno,California,592,4,195700,161519.4121
San Jose,California,169,4,275000,140049.6086
Oakland,California,557,3,183300,175265.0158
Bakersfield,California,601,4,137500,158220.7917
San Diego,California,187,5,264700,143574.4896
Long Beach,California,440,5,235100,157631.9911
Oakland,California,79,5,167900,149527.1081
San Jose,California,764,2,186200,171985.8398
Los Angeles,California,97,4,180000,132645.8983
Long Beach,California,264,4,218000,148515.4388
Los Angeles,California,563,4,187200,157333.2377
Fresno,California,460,2,184600,154941.2747
Oakland,California,317,5,192200,162135.6634
Long Beach,California,634,5,212600,167909.5529
San Diego,California,670,4,183600,169369.8615
Santa Ana,California,903,4,161700,179100.734
Long Beach,California,408,4,179100,156144.1445
San Francisco,California,156,3,160900,152816.1652
Oakland,California,567,3,340000,175794.787
Bakersfield,California,196,2,431000,137179.8997
Long Beach,California,86,4,216800,139085.5109
Oakland,California,89,4,275000,150264.3007
Sacramento,California,174,4,196900,127460.4921
San Jose,California,494,5,170200,157059.7522
San Francisco,California,493,3,167100,170669.4557
Oakland,California,158,2,187500,154334.565
Los Angeles,California,165,2,179300,136663.1855
San Jose,California,674,3,198100,167010.4773
Oakland,California,267,5,179900,159486.8072
Los Angeles,California,88,2,167200,132583.9471
San Jose,California,177,3,240700,140680.847
San Diego,California,121,3,332600,140492.8423
San Diego,California,600,5,165400,165454.0415
Santa Ana,California,887,4,204500,178253.1
San Jose,California,207,3,137500,142270.1607
Fresno,California,330,2,187200,148054.2487
Santa Ana,California,596,2,173600,163251.6
Sacramento,California,147,4,163000,126030.1098
Oakland,California,336,2,173100,163764.493
Los Angeles,California,363,5,172600,146530.3917
Santa Ana,California,354,3,134900,150223.7148
Santa Ana,California,134,4,157600,138361.3263
San Francisco,California,202,4,226700,155045.6914
San Diego,California,768,4,198700,174561.6196
Los Angeles,California,279,4,187000,142287.7347
Santa Ana,California,168,5,157300,139955.1271
Los Angeles,California,330,2,156300,145404.4109
Bakersfield,California,481,2,212500,152278.3798
Santa Ana,California,288,4,231800,146519.8033
Fresno,California,298,4,247600,145944.1379
Oakland,California,815,4,158000,188725.6921
Bakersfield,California,713,3,442900,164361.651
Los Angeles,California,70,2,248900,131630.3588
Santa Ana,California,120,2,223200,138034.4894
Fresno,California,536,2,287600,158967.536
Fresno,California,522,4,223500,157811.0135
Los Angeles,California,111,5,246900,133180.1566
Long Beach,California,635,5,223800,167962.5301
Fresno,California,103,5,223100,135406.1774
Santa Ana,California,410,3,218500,153190.4337
Fresno,California,123,5,156300,136465.7199
Long Beach,California,191,2,245700,145062.9516
Long Beach,California,684,3,299400,170973.2519
Los Angeles,California,654,4,221300,162154.1559
San Francisco,California,122,3,336500,151014.943
San Francisco,California,204,4,285400,155151.6456
San Francisco,California,141,4,257300,151814.0869
San Diego,California,590,5,300400,164924.2702
San Diego,California,468,5,231300,158461.0612
Sacramento,California,63,4,475800,121580.0314
Sacramento,California,561,2,184400,148377.4816
Fresno,California,640,3,174600,164269.7354
San Diego,California,147,4,204400,141662.8261
Fresno,California,855,3,209400,175659.8169
San Jose,California,287,5,117600,146093.4878
Sacramento,California,606,4,97900,150346.6093
San Diego,California,375,3,140600,153949.0316
Santa Ana,California,654,3,119000,166116.8518
Sacramento,California,947,4,129200,168411.8083
San Francisco,California,655,3,111700,179251.7496
San Francisco,California,597,4,116700,175971.655
San Diego,California,86,4,121300,138431.2216
Oakland,California,669,2,107200,181405.875
Santa Ana,California,1232,3,89900,196737.6289
Long Beach,California,275,5,87300,148890.7657
San Diego,California,168,2,125200,143190.1885
San Francisco,California,813,4,116300,187414.7136
San Francisco,California,542,2,179200,173472.7561
Los Angeles,California,633,4,69000,161041.6363
Long Beach,California,389,4,78700,155137.5792
Santa Ana,California,662,4,66300,166333.2473
Los Angeles,California,1086,4,141300,185040.2731
San Francisco,California,242,2,117900,157579.6192
Long Beach,California,589,4,110200,165733.0038
Fresno,California,199,3,103800,140906.8241
Los Angeles,California,830,4,85000,171478.1296
Los Angeles,California,161,2,126100,136451.2771
San Francisco,California,120,5,85700,150494.1459
Los Angeles,California,304,4,53600,143612.1628
Los Angeles,California,288,2,142300,143179.3717
Long Beach,California,1393,4,91200,208326.6108
Los Angeles,California,702,5,59800,164489.6364
Santa Ana,California,1472,2,88900,209659.5599
Santa Ana,California,163,3,96200,140105.0843
San Francisco,California,91,5,73800,148957.8093
Santa Ana,California,463,4,86300,155790.7998
Fresno,California,544,5,56000,158769.0888
Santa Ana,California,450,2,79900,155516.94
Bakersfield,California,111,5,133000,132054.58
Santa Ana,California,417,4,90400,153353.8521
San Jose,California,166,3,86600,140098.0987
Sacramento,California,143,2,139900,126233.0441
Bakersfield,California,366,5,155800,145563.7464
Oakland,California,114,3,111500,151796.1502
Los Angeles,California,405,4,68800,148962.8523
Fresno,California,386,2,75000,151020.9676
Los Angeles,California,207,2,129700,138888.2247
Santa Ana,California,103,2,263100,137133.8783
San Diego,California,440,3,156700,157392.5446
Bakersfield,California,275,4,253900,140950.2496
San Francisco,California,132,3,127000,151544.7142
Fresno,California,208,4,130800,141176.1968
San Jose,California,718,3,150800,169341.4707
Bakersfield,California,204,3,133400,137396.2953
Bakersfield,California,708,4,142500,163889.3439
Fresno,California,509,2,142600,157537.1537
San Francisco,California,206,5,108500,155050.1785
Bakersfield,California,770,4,178600,167173.9256
San Diego,California,362,4,67500,153052.9076
Santa Ana,California,250,3,99400,144714.094
Bakersfield,California,492,5,101400,152238.8639
San Jose,California,547,3,94600,160282.3826
Fresno,California,475,3,170500,155528.5101
Bakersfield,California,386,5,174200,146623.2889
Oakland,California,122,5,122200,151805.1243
Fresno,California,448,4,136000,153890.7064
Long Beach,California,670,2,162200,170438.9936
San Francisco,California,858,4,100700,189798.6842
San Jose,California,555,4,129800,160498.7782
Santa Ana,California,161,4,83500,139791.7086
San Jose,California,197,3,156900,141740.3895
Santa Ana,California,654,2,165900,166324.2732
Santa Ana,California,347,2,133900,150060.2964
San Francisco,California,124,4,225000,150913.4758
Fresno,California,703,3,166000,167607.2942
San Jose,California,380,4,139300,151227.7816
Long Beach,California,448,4,150800,158263.2295
Fresno,California,147,5,196100,137737.1709
Bakersfield,California,404,3,129400,147991.7199
Fresno,California,127,4,166400,136885.0498
San Diego,California,365,4,159700,153211.8389
Oakland,California,298,5,212600,161129.098
Long Beach,California,335,3,294100,152484.236
Bakersfield,California,396,4,225400,147360.4815
San Jose,California,90,2,197100,136279.2587
Oakland,California,152,3,186400,153809.2809
San Francisco,California,682,2,190000,180889.5533
San Jose,California,365,2,182000,150847.9676
Oakland,California,558,5,235700,174903.15
Los Angeles,California,755,5,220800,167297.4239
Fresno,California,288,2,233200,145829.2095
Los Angeles,California,116,3,273200,133859.8851
Santa Ana,California,1138,4,140600,191550.3579
Bakersfield,California,709,3,148900,164149.7425
Sacramento,California,165,2,194000,127398.5408
Oakland,California,313,2,184000,162546.0191
Long Beach,California,308,5,259500,150639.0108
Santa Ana,California,203,5,229200,141809.3264
Long Beach,California,177,4,190700,143906.4291
Fresno,California,747,4,265900,169730.8662
Sacramento,California,791,4,106300,160147.3771
San Diego,California,681,3,151800,170160.0313
Oakland,California,283,2,182000,160956.7054
San Diego,California,109,2,162500,140064.5382
San Diego,California,569,5,266500,163811.7506
San Diego,California,310,4,184900,150298.0972
Long Beach,California,640,2,292500,168849.6799
San Jose,California,1278,4,306900,198801.2382
Bakersfield,California,560,3,266800,156256.1511
Santa Ana,California,126,3,283900,138144.9307
Los Angeles,California,166,3,271000,136508.7412
San Diego,California,969,5,335700,185002.5999
Long Beach,California,389,2,269800,155552.422
San Francisco,California,73,5,345800,148004.2211
Los Angeles,California,681,2,343700,163999.3811
Long Beach,California,824,2,356700,178597.4706
Long Beach,California,563,4,432400,164355.5986
Long Beach,California,182,4,434700,144171.3147
Fresno,California,890,5,294800,177099.1734
San Jose,California,210,3,257100,142429.0921
Sacramento,California,408,5,99400,139649.7175
Los Angeles,California,282,4,85000,142446.6661
Sacramento,California,230,2,370200,130842.0538
Bakersfield,California,594,5,404300,157642.5305
San Francisco,California,148,5,399700,151977.5053
San Francisco,California,376,2,401800,164678.5537
Long Beach,California,832,4,485400,178606.4447
Santa Ana,California,344,5,285400,149279.1007
Fresno,California,863,3,353600,176083.6339
Bakersfield,California,451,5,365800,150066.8019
Santa Ana,California,711,4,205100,168929.1264
Long Beach,California,436,2,310700,158042.3468
Long Beach,California,286,4,171100,149680.9355
Santa Ana,California,91,5,147100,135875.8886
San Diego,California,669,2,134500,169731.7272
Fresno,California,605,4,195000,162208.1147
Fresno,California,1061,3,184800,186573.1043
Long Beach,California,707,5,269400,171776.8829
Los Angeles,California,1275,4,237700,195052.9494
San Francisco,California,720,2,190000,182902.684
Bakersfield,California,161,4,161000,134910.8576
Long Beach,California,651,3,173500,169225.0069
Los Angeles,California,777,5,175000,168462.9207
Fresno,California,520,3,80400,157912.4806
Santa Ana,California,662,3,81300,166540.6687
San Francisco,California,134,2,156600,151858.0899
Los Angeles,California,196,4,133700,137890.6335
Santa Ana,California,563,3,103600,161295.9335
Fresno,California,132,4,144600,137149.9354
Fresno,California,240,4,111700,142871.4647
Fresno,California,844,2,114600,175284.49
Long Beach,California,137,3,145500,141994.7656
Bakersfield,California,771,3,143900,167434.3241
San Jose,California,635,4,105200,164736.948
Fresno,California,610,3,269800,162680.4217
Long Beach,California,668,2,275000,170333.0394
Oakland,California,597,4,95000,177176.6793
San Francisco,California,159,3,91500,152975.0965
Santa Ana,California,980,5,86100,182972.5511
Sacramento,California,158,3,104200,126820.2795
Los Angeles,California,247,2,111500,141007.3096
Santa Ana,California,109,5,156300,136829.4768
Los Angeles,California,743,4,140600,166869.1199
Oakland,California,498,3,167800,172139.3655
Bakersfield,California,447,5,247300,149854.8934
Oakland,California,323,4,267700,162660.9475
Long Beach,California,329,2,22500,152373.7946
Sacramento,California,851,2,212200,163740.8473
Santa Ana,California,775,4,311400,172319.6622
San Francisco,California,414,2,263200,166691.6843
Bakersfield,California,787,4,333700,168074.5367
San Jose,California,110,3,324400,137131.3798
Long Beach,California,721,3,315500,172933.4055
Los Angeles,California,650,2,331200,162357.0903
Sacramento,California,193,4,103100,128467.0574
Santa Ana,California,576,2,152700,162192.0576
San Diego,California,108,5,71100,139389.2969
Fresno,California,159,5,87500,138372.8963
Los Angeles,California,358,2,85800,146887.7703
Oakland,California,88,2,90400,150626.1664
Sacramento,California,192,3,117700,128621.5017
Oakland,California,762,2,500001,186332.7474
Fresno,California,524,3,95500,158124.3891
Oakland,California,141,3,239600,153226.5325
Los Angeles,California,608,2,173400,160132.0511
Oakland,California,463,2,187900,170492.5876
Santa Ana,California,165,4,180800,140003.6171
Sacramento,California,89,2,207600,123372.2794
Los Angeles,California,1029,3,196300,182227.9985
Los Angeles,California,441,5,167400,150662.6073
San Jose,California,494,3,150900,157474.5951
Long Beach,California,617,5,140200,167008.9419
Santa Ana,California,716,4,126400,169194.012
Long Beach,California,105,3,162500,140299.4976
San Jose,California,96,3,138500,136389.7001
Fresno,California,899,3,56700,177990.8103
Los Angeles,California,97,3,47500,132853.3198
Bakersfield,California,779,5,59200,167443.2983
Fresno,California,545,3,43800,159236.9087
Long Beach,California,406,2,62100,156453.0331
Santa Ana,California,329,5,51300,148484.4439
Sacramento,California,226,2,52500,130630.1453
Long Beach,California,448,5,44400,158055.808
Long Beach,California,688,4,52100,170977.739
San Francisco,California,658,4,120300,179203.2596
Bakersfield,California,84,5,121600,130624.1977
San Diego,California,756,3,153800,174133.3155
Sacramento,California,103,2,91600,124113.9592
Long Beach,California,316,3,92300,151477.6706
San Diego,California,96,2,89500,139375.8356
San Jose,California,447,4,61200,154777.2489
Sacramento,California,1030,3,67300,173016.3309
San Diego,California,163,3,57100,142717.8815
San Francisco,California,216,3,54200,155994.7925
Long Beach,California,720,2,69200,173087.8498
Oakland,California,670,5,59000,180836.5878
Oakland,California,550,3,56000,174894.1759
San Jose,California,439,3,69100,154560.8533
San Jose,California,403,5,55600,152238.834
San Francisco,California,155,3,51300,152763.188
San Diego,California,341,2,64700,152355.2308
Los Angeles,California,600,4,87500,159293.3913
San Diego,California,436,4,88300,156973.2147
Bakersfield,California,175,3,85700,135859.9587
Bakersfield,California,91,5,73000,130995.0375
Bakersfield,California,292,4,70700,141850.8607
Sacramento,California,966,2,67700,169833.2165
Long Beach,California,834,4,73000,178712.399
Fresno,California,738,5,85000,169046.6506
Sacramento,California,320,5,80400,134987.7306
San Jose,California,135,2,84500,138663.2293
San Diego,California,590,4,79700,165131.6916
Sacramento,California,545,4,74500,147115.0048
Santa Ana,California,576,2,69000,162192.0576
San Jose,California,387,3,71800,151806.0429
Sacramento,California,89,2,83200,123372.2794
Long Beach,California,673,2,60400,170597.925
San Diego,California,589,4,160300,165078.7145
Los Angeles,California,823,3,119300,171314.7112
San Diego,California,200,3,88800,144678.035
San Jose,California,409,2,67900,153178.961
Los Angeles,California,1597,5,213900,211904.1616
San Francisco,California,909,3,123000,192707.9389
Sacramento,California,496,3,150900,144726.5472
San Diego,California,170,4,123600,142881.2999
Sacramento,California,909,2,124400,166813.5204
Santa Ana,California,82,4,94400,135606.5159
San Francisco,California,359,4,119300,163363.0997
Fresno,California,470,4,160100,155056.2031
Sacramento,California,459,2,99500,142973.815
San Diego,California,786,3,67000,175722.6292
Bakersfield,California,641,4,67500,160339.8767
San Jose,California,815,4,96500,174272.8302
Long Beach,California,381,2,78800,155128.605
Bakersfield,California,77,5,69400,130253.3578
Santa Ana,California,97,4,99600,136401.1727
Sacramento,California,206,2,71400,129570.6029
San Diego,California,737,2,68000,173334.1716
Long Beach,California,202,3,113400,145438.2786
Sacramento,California,401,4,69700,139486.299
Fresno,California,177,3,72800,139741.3274
San Francisco,California,871,5,72200,190279.9654
San Diego,California,1237,4,52500,199407.8903
Sacramento,California,956,4,100200,168888.6024
Los Angeles,California,1349,2,54600,199388.0994
Sacramento,California,1160,4,113700,179695.9355
San Jose,California,171,2,123300,140570.4057
San Diego,California,667,4,106200,169210.9301
Sacramento,California,546,3,130600,147375.4033
Sacramento,California,122,3,84800,124913.1031
Fresno,California,474,4,72900,155268.1116
Sacramento,California,462,2,83900,143132.7464
Oakland,California,198,3,55800,156246.2285
Long Beach,California,925,3,93800,183740.7386
San Jose,California,635,4,90500,164736.948
Sacramento,California,191,2,92200,128775.946
Santa Ana,California,682,4,55200,167392.7898
Fresno,California,499,2,91600,157007.3825
Sacramento,California,485,4,60900,143936.3774
Fresno,California,237,5,56700,142505.112
Los Angeles,California,455,5,66100,151404.287
Bakersfield,California,728,3,87300,165156.3078
Bakersfield,California,504,3,84200,153289.4322
Fresno,California,416,2,56900,152610.2812
Fresno,California,832,2,73100,174648.7645
San Francisco,California,229,4,68300,156476.0737
Fresno,California,659,3,55300,165276.3008
Sacramento,California,952,4,53000,168676.6939
Oakland,California,909,3,120900,193912.9631
San Francisco,California,982,4,95700,196367.8475
Los Angeles,California,970,3,72500,179102.3483
Sacramento,California,172,2,83600,127769.3807
San Diego,California,788,2,78200,176036.0049
Bakersfield,California,421,3,60000,148892.331
Sacramento,California,381,4,74600,138426.7566
Santa Ana,California,140,5,76400,138471.7676
Long Beach,California,380,2,58400,155075.6279
San Francisco,California,116,2,60900,150904.5016
San Diego,California,184,5,55000,143415.5582
San Diego,California,440,5,65000,156977.7018
Santa Ana,California,827,5,85300,174867.0512
Los Angeles,California,404,5,60400,148702.4537
San Diego,California,492,4,76600,159939.9336
San Jose,California,303,3,66000,147355.9646
San Diego,California,93,5,90600,138594.64
Santa Ana,California,512,5,57200,158179.2574
San Francisco,California,265,3,38800,158590.6716
Fresno,California,1209,4,55200,194206.2971
San Francisco,California,541,4,63000,173004.9361
Fresno,California,104,3,85400,135873.9974
Bakersfield,California,184,2,67500,136544.1742
San Francisco,California,640,4,81600,178249.6713
Bakersfield,California,885,4,71000,173266.2947
San Francisco,California,179,4,125000,153827.2176
San Francisco,California,526,2,77100,172625.1221
Santa Ana,California,272,2,85600,146087.0121
Los Angeles,California,87,5,67000,131908.7057
Bakersfield,California,417,3,82800,148680.4225
Bakersfield,California,405,5,72600,147629.8542
San Diego,California,214,4,74100,145212.2933
Oakland,California,1079,4,86400,202711.6526
San Francisco,California,114,3,96100,150591.126
Santa Ana,California,158,4,101100,139632.7772
Los Angeles,California,107,4,79800,133175.6696
Long Beach,California,240,5,50000,147036.5664
Los Angeles,California,272,4,96000,141916.8949
Bakersfield,California,816,5,73600,169403.4518
Sacramento,California,347,5,119700,136418.113
San Francisco,California,133,5,79600,151182.8485
San Diego,California,583,2,94800,165175.6946
San Diego,California,96,2,55000,139375.8356
San Jose,California,589,2,74000,162714.8432
Oakland,California,720,3,76800,183900.2868
Sacramento,California,400,3,60800,139640.7433
San Diego,California,102,5,43300,139071.4341
Santa Ana,California,832,5,62000,175131.9368
Bakersfield,California,552,5,60600,155417.4913
San Diego,California,474,2,65800,159401.1882
Santa Ana,California,192,2,67500,141848.8423
Oakland,California,660,5,55200,180306.8166
San Francisco,California,311,2,93800,161235.0407
San Francisco,California,580,4,112500,175071.044
San Diego,California,467,3,96300,158822.9269
Los Angeles,California,1144,5,60400,187905.5249
Los Angeles,California,156,2,86200,136186.3914
Santa Ana,California,188,3,94400,141429.5124
San Jose,California,578,4,84700,161717.252
Oakland,California,91,5,58800,150162.8335
San Diego,California,463,2,44000,158818.4398
Los Angeles,California,89,3,118800,132429.5028
San Jose,California,432,2,139700,154397.4349
San Jose,California,636,3,137500,164997.3466
Oakland,California,699,4,32900,182580.3458
San Jose,California,283,5,67900,145881.5793
Sacramento,California,869,2,67200,164694.4355
Long Beach,California,150,3,54700,142683.4682
Los Angeles,California,437,2,63200,151072.963
Sacramento,California,392,5,63500,138802.0835
Los Angeles,California,357,3,237500,146627.3718
Sacramento,California,432,2,72100,141543.4327
San Francisco,California,125,5,76200,150759.0315
San Diego,California,818,2,87000,177625.3186
Long Beach,California,772,4,59700,175427.8174
San Francisco,California,134,3,61300,151650.6684
San Jose,California,129,2,52400,138345.3666
Oakland,California,336,2,54300,163764.493
Fresno,California,214,3,59500,141701.481
Long Beach,California,819,2,50000,178332.585
San Diego,California,653,3,50700,168676.6718
San Jose,California,600,4,47500,162882.7487
Sacramento,California,1014,4,60000,171961.2755
Oakland,California,109,3,69500,151531.2646
Los Angeles,California,546,3,75300,156640.048
Oakland,California,375,5,76800,165208.3365
